Profile,f0_Hz,f0_Amplitude,Secondary_Peaks
Profile_1,0.339279,5.242045,""
Profile_2,0.299399,6.020151,""
Profile_3,0.299399,4.452609,""
Profile_4,0.299399,5.359435,""
Profile_5,0.299399,4.776370,""
Profile_6,0.299399,6.118656,""
Profile_7,0.299399,4.922419,""
Profile_8,0.259519,5.138751,""
Profile_9,0.259519,5.014755,""
Profile_10,0.299399,5.398591,""
Median,0.299399,4.914034,
