Profile,f0_Hz,f0_Amplitude,Secondary_Peaks
Profile_1,3.652069,4.856003,""
Profile_2,2.152218,5.884093,""
Profile_3,4.009276,4.936777,""
Profile_4,1.980899,5.704500,""
Profile_5,1.980899,4.838466,""
Profile_6,2.043484,5.579124,""
Profile_7,1.678087,4.677720,""
Profile_8,2.387351,5.017928,""
Profile_9,10.193783,4.442417,""
Profile_10,,,
