Profile,f0_Hz,f0_Amplitude,Secondary_Peaks
Profile_1,3.666659,4.859246,""
Profile_2,2.149164,5.874939,""
Profile_3,3.998456,4.942190,""
Profile_4,1.985103,5.740026,""
Profile_5,1.985103,4.861703,""
Profile_6,2.028563,5.628983,""
Profile_7,1.681414,4.687323,""
Profile_8,2.394952,4.993425,""
Profile_9,10.220246,4.591294,""
Profile_10,,,
