Profile,f0_Hz,f0_Amplitude,Secondary_Peaks
Profile_1,0.325856,2.006874,""
Profile_2,0.328877,2.366935,""
Profile_3,0.256341,1.730689,""
Profile_4,0.294400,2.316342,""
Profile_5,0.291696,2.219658,""
Profile_6,0.314047,2.380948,""
Profile_7,0.302665,1.871560,""
Profile_8,0.268446,1.893723,""
Profile_9,0.268446,1.893980,""
Profile_10,,,
