Profile,f0_Hz,f0_Amplitude,Secondary_Peaks
Profile_1,0.297565,2.519468,""
Profile_2,0.284454,2.725319,""
Profile_3,0.248487,2.457897,""
Profile_4,0.255297,2.738920,""
Profile_5,0.259940,2.662957,""
Profile_6,0.271921,2.702029,""
Profile_7,0.284454,2.457468,""
Profile_8,0.248487,2.612116,""
Profile_9,0.248487,2.572906,""
Profile_10,,,
